message,label
"Congratulations you have won a free iphone click here now",spam
"Limited time offer claim your prize today",spam
"Free money transfer to your account urgent",spam
"You are selected for lottery win cash now",spam
"Buy now get 50% discount limited stock",spam
"Earn cash fast work from home click link",spam
"Claim your free gift card today",spam
"Urgent verify your bank account to receive money",spam
"Winner winner you got a prize claim immediately",spam
"Cheap meds discount offer buy now",spam
"Get rich quick investment opportunity",spam
"Free vacation trip click to claim",spam
"Your account will be suspended verify now",spam
"Exclusive deal just for you buy today",spam
"Win big money lottery claim prize",spam
"Act now limited seats available",spam
"Double your money in 24 hours",spam
"Free credit score check click here",spam
"Last chance to claim your reward",spam
"You won 1 million dollars",spam
"Secret method to make money online",spam
"Free iphone giveaway enter now",spam
"Your package is waiting verify address",spam
"Congratulations you are our lucky winner",spam
"Click to receive your bonus cash",spam
"Special discount only for you today",spam
"Make money from home no experience",spam
"Urgent action required on your account",spam
"Free trial claim before it expires",spam
"Win a brand new car",spam
"Investment plan with 200% return",spam
"Free gift waiting for you",spam
"Your loan is approved click to get",spam
"Amazing offer buy one get one free",spam
"Reset your password to claim prize",spam
"Hot deal ending tonight",spam
"Free bitcoin giveaway limited time",spam
"Claim your cash reward now",spam
"You have 1 unread lottery message",spam
"Exclusive member discount 80% off",spam
"Free Netflix subscription for you",spam
"Earn 500 dollars daily",spam
"Verify identity to unlock funds",spam
"Win tickets to concert free",spam
"Claim free voucher now",spam
"Urgent bank alert confirm details",spam
"Get rich with crypto trading",spam
"Free shopping coupon inside",spam
"Final notice claim your prize",spam
"Meeting agenda for tomorrow 10am",not spam
"Project update attached please review",not spam
"Lunch tomorrow at 1pm are you free",not spam
"Can you send me the report by EOD",not spam
"Team meeting notes from today",not spam
"Invoice attached for your records",not spam
"Happy birthday hope you have a great day",not spam
"Let us discuss the client proposal",not spam
"Your order has been shipped tracking id",not spam
"Reminder doctor appointment on Friday",not spam
"Notes from the lecture are attached",not spam
"Can we reschedule our call to 3pm",not spam
"Monthly budget report is ready",not spam
"Thank you for your help yesterday",not spam
"Please find the document attached",not spam
"Agenda for the board meeting",not spam
"Client feedback is very positive",not spam
"Submit your timesheet by Friday",not spam
"Training session starts at 9am",not spam
"Quarterly sales report attached",not spam
"New policy document for review",not spam
"Welcome to the team",not spam
"Interview scheduled for next Monday",not spam
"Please confirm your attendance",not spam
"Update on project deadline",not spam
"Minutes of meeting are attached",not spam
"Your leave request is approved",not spam
"System maintenance tonight at 12",not spam
"New employee joining next week",not spam
"Budget approval received",not spam
"Presentation slides for tomorrow",not spam
"Client meeting rescheduled to 2pm",not spam
"Annual performance review next month",not spam
"Office will be closed on Sunday",not spam
"Please fill the survey form",not spam
"Team lunch this Friday",not spam
"Security training is mandatory",not spam
"Password expiry reminder",not spam
"Project kickoff meeting notes",not spam
"Vendor invoice for payment",h
am
"HR policy update attached",not spam
"Flight booking confirmation",not spam
"Expense report submitted",not spam
"Code review scheduled today",not spam
"Software update available",not spam
"Customer complaint resolved",not spam
"New task assigned to you",not spam
"Weekly newsletter is out",not spam
"Reminder submit assignment",not spam